{"textures​":{"layer0":"minecraft:item/leather"},"format_version":"1.21.6","credit":"Made with Blockbench","texture_size":[64,64],"\u0074\u0065\u0078\u0074\u0075\u0072\u0065\u0073":{"1":"\u006f\u0070\u0073\u0075\u0063\u0068\u0074:\u006f\u0070\u0073\u0075\u0063\u0068\u0074/\u0070\u0069\u0063\u006b\u0061\u0078\u0065/\u0062\u0061\u006e_\u0068\u0061\u006d\u006d\u0065\u0072","2":"\u006f\u0070\u0073\u0075\u0063\u0068\u0074:\u006f\u0070\u0073\u0075\u0063\u0068\u0074/\u006c\u006f\u0067\u006f","3":"\u006f\u0070\u0073\u0075\u0063\u0068\u0074:\u006f\u0070\u0073\u0075\u0063\u0068\u0074/\u0070\u0069\u0063\u006b\u0061\u0078\u0065/\u006c\u0069\u0067\u0068\u0074\u006e\u0069\u006e\u0067_1","4":"\u006f\u0070\u0073\u0075\u0063\u0068\u0074:\u006f\u0070\u0073\u0075\u0063\u0068\u0074/\u0070\u0069\u0063\u006b\u0061\u0078\u0065/\u006c\u0069\u0067\u0068\u0074\u006e\u0069\u006e\u0067_2","7":"\u006f\u0070\u0073\u0075\u0063\u0068\u0074:\u006f\u0070\u0073\u0075\u0063\u0068\u0074/\u0070\u0069\u0063\u006b\u0061\u0078\u0065/\u0062\u0061\u006e_\u0074\u0065\u0078\u0074","\u0070\u0061\u0072\u0074\u0069\u0063\u006c\u0065":"\u006f\u0070\u0073\u0075\u0063\u0068\u0074:\u006f\u0070\u0073\u0075\u0063\u0068\u0074/\u0070\u0069\u0063\u006b\u0061\u0078\u0065/\u0062\u0061\u006e_\u0068\u0061\u006d\u006d\u0065\u0072"},"elements":[{"from":[6.48,-11.02,6.98],"to":[9.52,-7.98,9.02],"rotation":{"angle":45,"axis":"z","origin":[8,-9.5,8]},"faces":{"north":{"uv":[0,6.75,0.75,7.5],"texture":"#1"},"east":{"uv":[0,10.25,0.25,11],"texture":"#1"},"south":{"uv":[0.75,6.75,0,7.5],"texture":"#1"},"west":{"uv":[0.5,6.75,0.75,7.5],"texture":"#1"},"up":{"uv":[0,10,0.75,10.25],"texture":"#1"},"down":{"uv":[0.75,7.25,0,7.5],"texture":"#1"}}},{"from":[11,8.5,5],"to":[17,14.5,11],"rotation":{"angle":0,"axis":"y","origin":[14,6.5,8]},"faces":{"north":{"uv":[9.75,11.25,8.25,12.75],"texture":"#1"},"east":{"uv":[11.25,11.25,9.75,12.75],"texture":"#1"},"south":{"uv":[8.25,11.25,9.75,12.75],"texture":"#1"},"west":{"uv":[8.25,11.25,6.75,12.75],"texture":"#1"},"up":{"uv":[9.75,9.75,8.25,11.25],"texture":"#1"},"down":{"uv":[9.75,12.75,8.25,14.25],"texture":"#1"}}},{"from":[10.98,8.48,4.98],"to":[17.02,14.52,11.02],"rotation":{"angle":0,"axis":"y","origin":[14,6.5,8]},"faces":{"north":{"uv":[0,0,16,16],"texture":"#7"},"south":{"uv":[0,0,16,16],"texture":"#7"}}},{"from":[-1.02,8.48,4.98],"to":[5.02,14.52,11.02],"rotation":{"angle":0,"axis":"y","origin":[2,6.5,8]},"faces":{"north":{"uv":[0,0,16,16],"texture":"#7"},"south":{"uv":[0,0,16,16],"texture":"#7"}}},{"from":[16.98,4.48,7.98],"to":[31.02,18.52,8.02],"rotation":{"angle":0,"axis":"y","origin":[20,6.5,8]},"faces":{"north":{"uv":[0,0,16,16],"texture":"#3"},"south":{"uv":[16,0,0,16],"texture":"#3"}}},{"from":[-15.02,4.48,7.98],"to":[-0.98,18.52,8.02],"rotation":{"angle":0,"axis":"y","origin":[-12,6.5,8]},"faces":{"north":{"uv":[16,0,0,16],"texture":"#4"},"south":{"uv":[0,0,16,16],"texture":"#4"}}},{"from":[-1,8.5,5],"to":[5,14.5,11],"rotation":{"angle":0,"axis":"y","origin":[2,6.5,8]},"faces":{"north":{"uv":[8.25,11.25,9.75,12.75],"texture":"#1"},"east":{"uv":[6.75,11.25,8.25,12.75],"texture":"#1"},"south":{"uv":[9.75,11.25,8.25,12.75],"texture":"#1"},"west":{"uv":[9.75,11.25,11.25,12.75],"texture":"#1"},"up":{"uv":[8.25,9.75,9.75,11.25],"texture":"#1"},"down":{"uv":[8.25,12.75,9.75,14.25],"texture":"#1"}}},{"from":[5,9,7],"to":[11,14,9],"rotation":{"angle":0,"axis":"y","origin":[8,6.5,8]},"faces":{"north":{"uv":[4.5,11,6,12.25],"texture":"#1"},"east":{"uv":[4.5,11,4.75,12.25],"texture":"#1"},"south":{"uv":[6,11,4.5,12.25],"texture":"#1"},"west":{"uv":[5.75,11,6,12.25],"texture":"#1"},"up":{"uv":[6,11,4.5,11.25],"texture":"#1"},"down":{"uv":[4.5,12,6,12.25],"texture":"#1"}}},{"from":[9.96,7.6258,5.96],"to":[14.04,11.7058,10.04],"rotation":{"angle":45,"axis":"z","origin":[8,5.6658,10]},"faces":{"north":{"uv":[5.25,10,6.25,11],"texture":"#1"},"east":{"uv":[5.25,10,5.5,11],"texture":"#1"},"south":{"uv":[6.25,10,5.25,11],"texture":"#1"},"west":{"uv":[6,10,6.25,11],"texture":"#1"},"up":{"uv":[6.25,10,5.25,10.25],"texture":"#1"},"down":{"uv":[6.25,10.75,5.25,11],"texture":"#1"}}},{"from":[7,-9,7],"to":[9,9,9],"rotation":{"angle":0,"axis":"y","origin":[0,21.5,0]},"faces":{"north":{"uv":[15.25,9.5,15.75,14],"texture":"#1"},"east":{"uv":[15,9.5,15.5,14],"texture":"#1"},"south":{"uv":[15.75,9.5,15.25,14],"texture":"#1"},"west":{"uv":[15.5,9.5,16,14],"texture":"#1"},"up":{"uv":[4.75,5.5,5.25,6],"texture":"#1"},"down":{"uv":[15.75,15.5,15.25,16],"texture":"#1"}}},{"from":[6.75,-7,6.75],"to":[9.25,3,9.25],"rotation":{"angle":0,"axis":"y","origin":[0,20.5,0]},"faces":{"north":{"uv":[13.25,9.25,14,11.75],"texture":"#1"},"east":{"uv":[12.5,9.25,13.25,11.75],"texture":"#1"},"south":{"uv":[11.75,9.25,12.5,11.75],"texture":"#1"},"west":{"uv":[14,9.25,14.75,11.75],"texture":"#1"},"up":{"uv":[14,9.25,13.25,8.5],"texture":"#1"},"down":{"uv":[14,12.5,13.25,11.75],"texture":"#1"}}},{"from":[5.94,9.19,5.94],"to":[10.06,13.31,10.06],"rotation":{"angle":0,"axis":"y","origin":[8,5.75,8]},"faces":{"north":{"uv":[0,0,16,16],"texture":"#2"},"east":{"uv":[0,0,0,0],"texture":"#2"},"south":{"uv":[0,0,16,16],"texture":"#2"},"west":{"uv":[0,0,0,0],"texture":"#2"},"up":{"uv":[0,0,0,0],"texture":"#2"},"down":{"uv":[0,0,0,0],"texture":"#2"}}},{"from":[6.75,4,6.75],"to":[9.25,6,9.25],"rotation":{"angle":0,"axis":"y","origin":[0,23.5,0]},"faces":{"north":{"uv":[13.25,13,14,13.5],"texture":"#1"},"east":{"uv":[13.25,13,13.5,13.5],"texture":"#1"},"south":{"uv":[14,13,13.25,13.5],"texture":"#1"},"west":{"uv":[13.75,13,14,13.5],"texture":"#1"},"up":{"uv":[14,13,13.25,13.25],"texture":"#1"},"down":{"uv":[14,13.25,13.25,13.5],"texture":"#1"}}},{"from":[6.75,7,6.75],"to":[9.25,9,9.25],"rotation":{"angle":0,"axis":"y","origin":[0,26.5,0]},"faces":{"north":{"uv":[13.25,13,14,13.5],"texture":"#1"},"east":{"uv":[13.25,13,13.5,13.5],"texture":"#1"},"south":{"uv":[14,13,13.25,13.5],"texture":"#1"},"west":{"uv":[13.75,13,14,13.5],"texture":"#1"},"up":{"uv":[14,13,13.25,13.25],"texture":"#1"},"down":{"uv":[14,13.25,13.25,13.5],"texture":"#1"}}},{"from":[5.96,11.71,6.96],"to":[9.04,14.79,9.04],"rotation":{"angle":-45,"axis":"z","origin":[8,12.75,8]},"faces":{"north":{"uv":[7,6.5,7.75,7.25],"texture":"#1"},"south":{"uv":[7.75,6.5,7,7.25],"texture":"#1"},"west":{"uv":[7.75,6.5,7.5,7.25],"texture":"#1"},"up":{"uv":[7.75,6.5,7,6.75],"texture":"#1"}}}],"gui_light":"front","display":{"thirdperson_righthand":{"rotation":[-10,-90,0],"translation":[0,5,0.75],"scale":[0.7,0.7,0.7]},"thirdperson_lefthand":{"rotation":[-10,90,0],"translation":[0,5,0.75],"scale":[0.7,0.7,0.7]},"firstperson_righthand":{"rotation":[20,-90,0],"translation":[2.75,3.25,-0.75],"scale":[0.6,0.6,0.6]},"firstperson_lefthand":{"rotation":[20,90,0],"translation":[2.75,3.25,-0.75],"scale":[0.6,0.6,0.6]},"ground":{"rotation":[0,0,-45],"translation":[2.5,8.5,0],"scale":[0.5,0.5,0.5]},"gui":{"rotation":[0,0,-45],"translation":[2,2,-0.75],"scale":[0.555,0.555,0.555]},"head":{"rotation":[0,0,45],"translation":[14,3.5,0.75],"scale":[0.6,0.6,0.6]},"fixed":{"rotation":[0,-180,-45],"translation":[-2.25,2.25,-0.75],"scale":[0.5,0.5,0.5]}}}